exp_id	symbol	n_estimators	max_depth	min_samples_leaf	lookforward_bars	conf_threshold	num_trades	win_rate	sharpe	return_dd_ratio	total_return_pct	max_dd_pct	profit_factor	avg_hold_h1_bars	train_auc	test_auc	status	elapsed_s
RF_EURUSD_h24_n200_d8_c50	EURUSD	200	8	20	24	0.5	517	0.47775628626692457	-0.46446246054437706	-0.6198291993159459	-6.5170290104542445	10.5142336270162	0.9265647478453951	24.0	0.7318059810297168	0.5007082903909079	OK	531.9
RF_EURUSD_h6_n200_d8_c55	EURUSD	200	8	20	6	0.55	605	0.42644628099173554	-1.971496601405321	-0.6053061852226732	-6.754718602763221	11.159176574874039	0.8198980997576304	6.0	0.6983042650806033	0.5229976314619191	OK	542.7
RF_EURUSD_h6_n200_d8_c60	EURUSD	200	8	20	6	0.6	102	0.4117647058823529	-2.9074421321097366	-0.758645117518381	-1.843713550550341	2.4302714246436445	0.7467359235834432	6.0	0.6983042650806033	0.5229976314619191	OK	553.7
RF_EURUSD_h24_n200_d8_c55	EURUSD	200	8	20	24	0.55	164	0.4695121951219512	-1.008078950042764	-0.7888722064421166	-3.9714867330855275	5.03438541839024	0.844431669511931	24.0	0.7318059810297168	0.5007082903909079	OK	634.5
RF_EURUSD_h24_n200_d8_c60	EURUSD	200	8	20	24	0.6	51	0.5490196078431373	0.8198769748860922	0.44001392257023775	0.8530534132250578	1.938696412700187	1.145238633578905	24.0	0.7318059810297168	0.5007082903909079	OK	662.4
RF_EURUSD_h6_n200_d8_c50	EURUSD	200	8	20	6	0.5	2070	0.4473429951690821	-2.0854054561248367	-0.9171239248274397	-25.82674399809932	28.160582554815285	0.8219552931617862	6.0	0.6983042650806033	0.5229976314619191	OK	671.9
RF_EURUSD_h6_n300_d12_c50	EURUSD	300	12	15	6	0.5	2070	0.4502415458937198	-1.7734739198189602	-0.9208908576903149	-22.4863664184474	24.41805804744921	0.8464615768619402	6.0	0.8894245267058677	0.5209817625523246	OK	766.3
RF_EURUSD_h6_n300_d12_c55	EURUSD	300	12	15	6	0.55	863	0.4542294322132097	-0.8092299653510415	-0.35748257479485696	-4.480310324859282	12.532947451859238	0.9246657481790647	6.0	0.8894245267058677	0.5209817625523246	OK	881.4
RF_EURUSD_h6_n200_dNone_c60	EURUSD	200	None	30	6	0.6	348	0.42528735632183906	-2.133968854177776	-0.4962013973783671	-4.308501171747869	8.682968638362217	0.8127808687535462	6.0	0.9638616079168622	0.513520994447553	OK	596.3
RF_EURUSD_h6_n200_dNone_c50	EURUSD	200	None	30	6	0.5	2070	0.43768115942028984	-2.468460187120701	-0.9348077938943042	-29.731782075688628	31.80523554668855	0.7929275267603197	6.0	0.9638616079168622	0.513520994447553	OK	717.6
RF_EURUSD_h24_n300_d12_c50	EURUSD	300	12	15	24	0.5	517	0.4835589941972921	-0.26646270227602925	-0.4808993275705113	-3.9742969671638706	8.264301360623433	0.957182346325845	24.0	0.8997004814159522	0.49734447572439255	OK	845.9
RF_EURUSD_h6_n200_dNone_c55	EURUSD	200	None	30	6	0.55	1271	0.44767899291896146	-1.9496375251468363	-0.9127282767301733	-15.608674618475115	17.101118718916883	0.8306013545132506	6.0	0.9638616079168622	0.513520994447553	OK	718.7
RF_EURUSD_h6_n300_d12_c60	EURUSD	300	12	15	6	0.6	217	0.391705069124424	-2.0633175952390674	-0.5668108605479166	-2.716904291510569	4.793317278508445	0.7964875993946766	6.0	0.8894245267058677	0.5209817625523246	OK	936.1
RF_EURUSD_h24_n300_d12_c55	EURUSD	300	12	15	24	0.55	281	0.4804270462633452	-1.02889810509692	-0.8969970456500351	-7.622479961442541	8.497775994255017	0.8403967898879839	24.0	0.8997004814159522	0.49734447572439255	OK	933.1
RF_EURUSD_h24_n300_d12_c60	EURUSD	300	12	15	24	0.6	89	0.47191011235955055	-1.9443625715156831	-0.7541219840190007	-3.7611071959167797	4.987398956164121	0.7364089837770311	24.0	0.8997004814159522	0.49734447572439255	OK	913.5
RF_EURUSD_h24_n200_dNone_c50	EURUSD	200	None	30	24	0.5	517	0.4835589941972921	-0.20010620264421428	-0.4607726556551926	-3.10712813865035	6.743299760772892	0.9676834886588463	24.0	0.974745337692986	0.49537403112126366	OK	718.5
RF_EURUSD_h24_n200_dNone_c55	EURUSD	200	None	30	24	0.55	440	0.47954545454545455	-0.6988994259471342	-0.7838566459672578	-8.249654078427149	10.524442346530467	0.8872610123670018	24.0	0.974745337692986	0.49537403112126366	OK	642.9
RF_GBPUSD_h6_n200_d8_c50	GBPUSD	200	8	20	6	0.5	2070	0.3927536231884058	-4.980159200712428	-1.0023877453363774	-54.07968728738033	53.95086635784088	0.6345250616099941	6.0	0.6827756738866171	0.5453887256932963	OK	649.5
RF_GBPUSD_h6_n200_d8_c55	GBPUSD	200	8	20	6	0.55	878	0.36332574031890663	-8.384403529420176	-0.9995828708131083	-32.875559163997906	32.8892782418884	0.46109767411777564	6.0	0.6827756738866171	0.5453887256932963	OK	649.9
RF_EURUSD_h24_n200_dNone_c60	EURUSD	200	None	30	24	0.6	179	0.441340782122905	-1.4424265239465912	-0.7693741308627796	-7.023229590693036	9.128497188769728	0.7815223426229989	24.0	0.974745337692986	0.49537403112126366	OK	682.8
RF_GBPUSD_h6_n200_d8_c60	GBPUSD	200	8	20	6	0.6	259	0.3088803088803089	-11.147295353311165	-0.8929261398960495	-11.216322935127021	12.561310990887527	0.33736345192412515	6.0	0.6827756738866171	0.5453887256932963	OK	649.6
RF_GBPUSD_h24_n200_d8_c50	GBPUSD	200	8	20	24	0.5	517	0.47195357833655704	-1.4158464842354173	-0.7971515098366317	-19.362538224328716	24.289658848287043	0.7925813983302291	24.0	0.7296416419617762	0.5086796742249607	OK	651.5
RF_GBPUSD_h24_n200_d8_c55	GBPUSD	200	8	20	24	0.55	128	0.4375	-1.9241967647525695	-0.847181742953703	-5.525544896541168	6.522266258095141	0.7317462874942264	24.0	0.7296416419617762	0.5086796742249607	OK	650.5
RF_GBPUSD_h24_n200_d8_c60	GBPUSD	200	8	20	24	0.6	24	0.4583333333333333	0.44195225492901025	0.10273278569176308	0.23623690002685382	2.299527832678977	1.0691667711495283	24.0	0.7296416419617762	0.5086796742249607	OK	643.1
RF_GBPUSD_h6_n200_dNone_c50	GBPUSD	200	None	30	6	0.5	2070	0.3879227053140097	-5.4018002528517695	-0.9915351319235826	-56.98959132828462	57.47611909395944	0.6103685417410064	6.0	0.9500267307102029	0.5432389646155509	OK	715.2
RF_GBPUSD_h6_n300_d12_c50	GBPUSD	300	12	15	6	0.5	2070	0.3903381642512077	-5.204212187683389	-0.9849955475144319	-55.65045139305198	56.49817558412528	0.6216552014491884	6.0	0.8736678553658155	0.5471963339716386	OK	932.9
RF_GBPUSD_h6_n200_dNone_c55	GBPUSD	200	None	30	6	0.55	1384	0.3699421965317919	-7.183284623077438	-0.9839255378033137	-48.09795908838355	48.88373890138657	0.5168506209621383	6.0	0.9500267307102029	0.5432389646155509	OK	716.9
RF_GBPUSD_h6_n300_d12_c55	GBPUSD	300	12	15	6	0.55	1099	0.370336669699727	-8.73337405660565	-0.9997115798122517	-41.466523567066524	41.4784868000169	0.45490252002847986	6.0	0.8736678553658155	0.5471963339716386	OK	934.1
RF_GBPUSD_h6_n300_d12_c60	GBPUSD	300	12	15	6	0.6	443	0.3182844243792325	-9.520545668855283	-0.9420319783570836	-16.1707935310894	17.16586475046365	0.4104973533158649	6.0	0.8736678553658155	0.5471963339716386	OK	939.0
RF_GBPUSD_h24_n300_d12_c50	GBPUSD	300	12	15	24	0.5	517	0.4758220502901354	-1.0693270356477258	-0.8269354988028346	-15.10914202957544	18.2712461267525	0.839085360382953	24.0	0.8861453693152883	0.5004236269300965	OK	926.1
RF_GBPUSD_h24_n300_d12_c55	GBPUSD	300	12	15	24	0.55	250	0.44	-2.1941833065679317	-0.8928832584078618	-14.152991473710696	15.85088682136061	0.6954931495794495	24.0	0.8861453693152883	0.5004236269300965	OK	919.5
RF_GBPUSD_h24_n300_d12_c60	GBPUSD	300	12	15	24	0.6	63	0.4126984126984127	-2.264661914044436	-0.6020572784568209	-3.1652494792273056	5.257389275884845	0.7052936506842507	24.0	0.8861453693152883	0.5004236269300965	OK	918.4
RF_GBPUSD_h6_n200_dNone_c60	GBPUSD	200	None	30	6	0.6	635	0.3637795275590551	-10.482014631713332	-0.9936115187880272	-24.404072782241226	24.560980142428768	0.3886069755680249	6.0	0.9500267307102029	0.5432389646155509	OK	661.6
RF_GBPUSD_h24_n200_dNone_c50	GBPUSD	200	None	30	24	0.5	517	0.4816247582205029	-1.019126363477158	-0.7679988007615755	-14.474244545561232	18.84670201464904	0.845749126658302	24.0	0.9765247762052739	0.5077894698597102	OK	667.7
RF_GBPUSD_h24_n200_dNone_c55	GBPUSD	200	None	30	24	0.55	430	0.45348837209302323	-1.1455897647346844	-0.7562411406077161	-13.461640959962384	17.800725505550513	0.8285944237478284	24.0	0.9765247762052739	0.5077894698597102	OK	665.9
RF_GBPUSD_h24_n200_dNone_c60	GBPUSD	200	None	30	24	0.6	167	0.4550898203592814	-1.0491971830628501	-0.7269245731437839	-5.100253832771051	7.016207762400452	0.8393215041474092	24.0	0.9765247762052739	0.5077894698597102	OK	665.9
RF_NZDUSD_h6_n200_d8_c50	NZDUSD	200	8	20	6	0.5	2070	0.43478260869565216	-3.7853340348664095	-0.9799636430893958	-54.56273904915978	55.6783299400245	0.715301907427702	6.0	0.6894993718202467	0.5080212404732564	OK	609.6
RF_NZDUSD_h6_n200_d8_c55	NZDUSD	200	8	20	6	0.55	527	0.3908918406072106	-5.361483162950755	-0.9495208749003601	-19.292995127896397	20.3186634837501	0.6221857131234734	6.0	0.6894993718202467	0.5080212404732564	OK	613.2
RF_NZDUSD_h6_n200_d8_c60	NZDUSD	200	8	20	6	0.6	93	0.41935483870967744	-3.6855564037367463	-0.8420520149495642	-2.523630832501389	2.9970011207116998	0.7315463902082467	6.0	0.6894993718202467	0.5080212404732564	OK	616.2
RF_NZDUSD_h24_n200_d8_c50	NZDUSD	200	8	20	24	0.5	517	0.47195357833655704	-1.2267302605371353	-0.8620887529701836	-22.26745515273263	25.82965509759153	0.8146799174815299	24.0	0.7337297525080304	0.5002682030473995	OK	632.8
RF_NZDUSD_h24_n200_d8_c55	NZDUSD	200	8	20	24	0.55	173	0.5028901734104047	0.11737874006523269	0.05884461962854013	0.45107419766501344	7.665513015674906	1.0190089676324958	24.0	0.7337297525080304	0.5002682030473995	OK	628.2
RF_NZDUSD_h24_n200_d8_c60	NZDUSD	200	8	20	24	0.6	86	0.46511627906976744	0.07600432450340464	0.013244871024709337	0.0985030373609197	7.437070332897513	1.0121896045321785	24.0	0.7337297525080304	0.5002682030473995	OK	628.0
RF_NZDUSD_h6_n300_d12_c50	NZDUSD	300	12	15	6	0.5	2070	0.43091787439613527	-4.190833168850096	-0.9867163048593203	-58.19985673542838	58.98337389258622	0.6898029859877681	6.0	0.8804847099706805	0.5068812839485278	OK	894.1
RF_NZDUSD_h6_n300_d12_c55	NZDUSD	300	12	15	6	0.55	746	0.3900804289544236	-4.278125261729997	-0.9083974904310067	-24.19497766191424	26.634791395597613	0.6812984044536264	6.0	0.8804847099706805	0.5068812839485278	OK	897.8
RF_NZDUSD_h6_n300_d12_c60	NZDUSD	300	12	15	6	0.6	185	0.42702702702702705	-4.0089708084937286	-0.7485329450692862	-5.3439282878634975	7.139202520162755	0.69750436100777	6.0	0.8804847099706805	0.5068812839485278	OK	893.7
RF_NZDUSD_h24_n300_d12_c50	NZDUSD	300	12	15	24	0.5	517	0.4661508704061896	-1.312671540975908	-0.9972811809595951	-23.57506024065006	23.639331304703727	0.8032568429930734	24.0	0.878499340880313	0.4976461814744211	OK	896.0
RF_NZDUSD_h24_n300_d12_c55	NZDUSD	300	12	15	24	0.55	250	0.504	0.16221799994041525	0.11918547211722583	1.1023684306761705	9.249184578401696	1.0269401683256423	24.0	0.878499340880313	0.4976461814744211	OK	929.3
RF_NZDUSD_h24_n300_d12_c60	NZDUSD	300	12	15	24	0.6	106	0.4528301886792453	-1.4223948868275182	-0.7391535318343935	-4.935649166697664	6.677434327410467	0.7877182710660457	24.0	0.878499340880313	0.4976461814744211	OK	916.7
RF_NZDUSD_h6_n200_dNone_c50	NZDUSD	200	None	30	6	0.5	2070	0.43719806763285024	-3.095043470712972	-0.9466067868521629	-47.61646082330703	50.302260119695895	0.7608648989837479	6.0	0.9706681210604187	0.50874085670614	OK	713.6
RF_NZDUSD_h6_n200_dNone_c55	NZDUSD	200	None	30	6	0.55	1209	0.43507030603804797	-3.5642757763057813	-0.9508631592974249	-33.44592619978503	35.17427915126883	0.7304508632109419	6.0	0.9706681210604187	0.50874085670614	OK	705.7
RF_NZDUSD_h6_n200_dNone_c60	NZDUSD	200	None	30	6	0.6	302	0.4105960264900662	-4.165485646430339	-0.952507213894295	-8.539124466181514	8.96489217259529	0.7046772186122664	6.0	0.9706681210604187	0.50874085670614	OK	680.5
RF_NZDUSD_h24_n200_dNone_c50	NZDUSD	200	None	30	24	0.5	517	0.46421663442940037	-0.8269967159119392	-0.6761972499690986	-15.876724032467049	23.479427094967622	0.8713958340468193	24.0	0.968526814000346	0.4966299907967243	OK	682.5
RF_NZDUSD_h24_n200_dNone_c55	NZDUSD	200	None	30	24	0.55	427	0.4613583138173302	-1.02178165152674	-0.741677371344665	-16.067383609011266	21.663575335837756	0.8455402122661815	24.0	0.968526814000346	0.4966299907967243	OK	680.4
RF_NZDUSD_h24_n200_dNone_c60	NZDUSD	200	None	30	24	0.6	179	0.4581005586592179	-0.6386958250964857	-0.5927533776506866	-4.3584095480744605	7.352821109764977	0.902132058834259	24.0	0.968526814000346	0.4966299907967243	OK	680.9
RF_USDCAD_h6_n200_d8_c50	USDCAD	200	8	20	6	0.5	2070	0.3681159420289855	-7.590394212917488	-0.9982220597721678	-58.60325959435293	58.70763826610727	0.49672906045080445	6.0	0.6852078542152293	0.5490385723946035	OK	613.9
RF_USDCAD_h6_n200_d8_c55	USDCAD	200	8	20	6	0.55	1108	0.3546931407942238	-8.414319006849182	-1.0023785978171245	-36.590969988668576	36.50414131781402	0.4549339552253982	6.0	0.6852078542152293	0.5490385723946035	OK	625.4
RF_USDCAD_h6_n200_d8_c60	USDCAD	200	8	20	6	0.6	52	0.23076923076923078	-16.091049711218865	-1.041831111661445	-2.398988023931614	2.3026649877117444	0.2155125817097644	6.0	0.6852078542152293	0.5490385723946035	OK	625.4
RF_USDCAD_h24_n200_d8_c50	USDCAD	200	8	20	24	0.5	517	0.39264990328820115	-3.0301641155579726	-1.0064832259801726	-28.889448747758916	28.703358388933577	0.6039884638177841	24.0	0.7424024725423531	0.47100625600308177	OK	630.1
RF_USDCAD_h24_n200_d8_c55	USDCAD	200	8	20	24	0.55	67	0.43283582089552236	-2.3238594129258257	-0.7258239882609857	-3.216221835988009	4.431131910773313	0.6733516385659105	24.0	0.7424024725423531	0.47100625600308177	OK	601.9
RF_USDJPY_h24_n200_d8_c55	USDJPY	200	8	20	24	0.55	101	0.5148514851485149	0.025743082345487625	-0.030997235932023217	-0.2111848014816231	6.813020423651654	1.0044294170699946	24.0	0.7472331033100675	0.48750574830860827	OK	586.2
RF_USDJPY_h6_n200_d8_c60	USDJPY	200	8	20	6	0.6	7	0.42857142857142855	-24.805931157112116	-1.0404237158348235	-1.8212726675981061	1.7505105274698	0.06208333017248655	6.0	0.7033170314842545	0.503447089564685	OK	592.0
RF_USDJPY_h24_n200_d8_c50	USDJPY	200	8	20	24	0.5	517	0.4990328820116054	0.11078892150981819	0.10779396931759837	1.249143261382435	11.588248111562033	1.019402882266542	24.0	0.7472331033100675	0.48750574830860827	OK	597.6
RF_USDJPY_h6_n200_d8_c50	USDJPY	200	8	20	6	0.5	2070	0.4792270531400966	-0.5825589471492553	-0.6126320882668838	-12.556479525117725	20.49595469385157	0.9455184573814921	6.0	0.7033170314842545	0.503447089564685	OK	620.3
RF_USDJPY_h6_n200_d8_c55	USDJPY	200	8	20	6	0.55	284	0.4823943661971831	-0.278299634516538	-0.17566670609060678	-1.218845769337984	6.938399406825092	0.9749006498988373	6.0	0.7033170314842545	0.503447089564685	OK	622.6
RF_USDJPY_h24_n200_d8_c60	USDJPY	200	8	20	24	0.6	49	0.5102040816326531	0.7073462600840167	0.3146615600715211	1.9670458973143568	6.251306632012047	1.1390577996194744	24.0	0.7472331033100675	0.48750574830860827	OK	636.0
RF_USDJPY_h6_n300_d12_c50	USDJPY	300	12	15	6	0.5	2070	0.4932367149758454	-0.07780151218745765	-0.12940525577826548	-2.697971417400491	20.849009579822912	0.992537892896877	6.0	0.9091211221954831	0.5108596399103915	OK	816.7
RF_USDJPY_h6_n300_d12_c55	USDJPY	300	12	15	6	0.55	547	0.49177330895795246	-0.5526543963812836	-0.3900562089895772	-3.8962069600510185	9.988834609616816	0.9494854547774746	6.0	0.9091211221954831	0.5108596399103915	OK	899.1
RF_USDJPY_h6_n200_dNone_c50	USDJPY	200	None	30	6	0.5	2070	0.47632850241545893	-0.5536515605679065	-0.5614244178737786	-12.019563245213682	21.409049664662007	0.9481657222828861	6.0	0.9786805380574193	0.5048066124548536	OK	725.9
RF_USDJPY_h6_n200_dNone_c55	USDJPY	200	None	30	6	0.55	963	0.4953271028037383	-1.4714292393551465	-0.8514521754974281	-14.689010620682419	17.251715414434088	0.8711245818139858	6.0	0.9786805380574193	0.5048066124548536	OK	722.3
RF_USDJPY_h6_n300_d12_c60	USDJPY	300	12	15	6	0.6	22	0.6818181818181818	8.982498558502895	1.724771789951273	2.5955853502709125	1.504886249527679	2.260738672992711	6.0	0.9091211221954831	0.5108596399103915	OK	945.3
RF_USDJPY_h24_n300_d12_c50	USDJPY	300	12	15	24	0.5	517	0.4912959381044487	-0.5293498394376267	-0.5737790229687619	-10.992977281663363	19.158904110479916	0.9122240419574285	24.0	0.9003729071187346	0.48545562660405883	OK	948.6
RF_USDJPY_h24_n300_d12_c55	USDJPY	300	12	15	24	0.55	226	0.4911504424778761	-0.31801503052030033	-0.24021546969888585	-3.7789947357521947	15.73168764063875	0.9465354066194731	24.0	0.9003729071187346	0.48545562660405883	OK	944.7
RF_USDJPY_h6_n200_dNone_c60	USDJPY	200	None	30	6	0.6	69	0.5797101449275363	-1.5452862737562494	-0.35325377403740754	-1.3485425607401957	3.817489464662854	0.8647059461574721	6.0	0.9786805380574193	0.5048066124548536	OK	735.2
RF_USDJPY_h24_n300_d12_c60	USDJPY	300	12	15	24	0.6	72	0.5416666666666666	1.4366091706613886	0.9821914739769372	6.080368345516618	6.190614057050337	1.2763364229845569	24.0	0.9003729071187346	0.48545562660405883	OK	941.5
RF_USDJPY_h24_n200_dNone_c50	USDJPY	200	None	30	24	0.5	517	0.4796905222437137	-0.7870731169962188	-0.6991652607217876	-15.489203647983995	22.15385191191224	0.8723348916156568	24.0	0.9775729345499611	0.49150030559131624	OK	735.9
RF_USDJPY_h24_n200_dNone_c55	USDJPY	200	None	30	24	0.55	431	0.5197215777262181	0.2874858398213237	0.35134318409983867	4.358041056646544	12.403943647895419	1.0531467448270735	24.0	0.9775729345499611	0.49150030559131624	OK	659.9
RF_USDJPY_h24_n200_dNone_c60	USDJPY	200	None	30	24	0.6	177	0.5254237288135594	1.035631145028234	0.8590207114788392	8.6723902986386	10.095670782732032	1.1999075062041678	24.0	0.9775729345499611	0.49150030559131624	OK	664.4
RF_AUDCHF_h6_n200_d8_c50	AUDCHF	200	8	20	6	0.5	2070	0.4033816425120773	-5.920822246238033	-0.9895826669650046	-65.29397908340077	65.98132855707124	0.5989243364909895	6.0	0.6799699958024439	0.5541621577369973	OK	619.8
RF_AUDCHF_h6_n200_d8_c55	AUDCHF	200	8	20	6	0.55	1004	0.3794820717131474	-5.516727226641663	-0.9894806141545818	-34.789797287303635	35.15965526725175	0.6174875015134577	6.0	0.6799699958024439	0.5541621577369973	OK	623.1
RF_AUDCHF_h6_n200_d8_c60	AUDCHF	200	8	20	6	0.6	497	0.43661971830985913	-3.4477636894054036	-0.7169885642975238	-9.735644345727701	13.578521095753166	0.7383971651711614	6.0	0.6799699958024439	0.5541621577369973	OK	621.8
RF_AUDCHF_h24_n200_d8_c50	AUDCHF	200	8	20	24	0.5	517	0.44680851063829785	-1.7353430107601562	-0.9666599096424874	-26.28769960877886	27.19436209835286	0.7569804691012376	24.0	0.7332587030479917	0.4799387366731629	OK	625.4
RF_AUDCHF_h24_n200_d8_c55	AUDCHF	200	8	20	24	0.55	148	0.38513513513513514	-3.3795447460314856	-0.9458532706671795	-15.630019576798249	16.524782502230238	0.5532068837747252	24.0	0.7332587030479917	0.4799387366731629	OK	627.8
RF_AUDCHF_h24_n200_d8_c60	AUDCHF	200	8	20	24	0.6	43	0.46511627906976744	-2.4016163749350454	-0.5760338378984765	-2.9278625339551945	5.082796081280241	0.6717587349190697	24.0	0.7332587030479917	0.4799387366731629	OK	607.8
RF_AUDCHF_h6_n200_dNone_c50	AUDCHF	200	None	30	6	0.5	2070	0.39855072463768115	-6.484465579739661	-0.9997873226682951	-68.6145139434883	68.62910979943773	0.5696427175183028	6.0	0.9296670274331225	0.5539909195542471	OK	880.3
RF_USDCAD_h6_n200_d8_c55	USDCAD	200	8	20	6	0.55	1108	0.3546931407942238	-8.414319006849182	-1.0023785978171245	-36.590969988668576	36.50414131781402	0.4549339552253982	6.0	0.6852078542152293	0.5490385723946035	OK	545.5
RF_EURCAD_h24_n200_d8_c50	EURCAD	200	8	20	24	0.5	517	0.41005802707930367	-2.947319021238566	-0.9798699422357331	-29.735644426287212	30.346521660252673	0.6152746728730805	24.0	0.7290092294675282	0.48667071875361384	OK	606.7
RF_EURCAD_h6_n200_d8_c55	EURCAD	200	8	20	6	0.55	1480	0.2628378378378378	-14.6263100052798	-0.999538324891928	-64.24321098533277	64.27288417608085	0.2678215232424916	6.0	0.686194392664093	0.5811139765329153	OK	608.7
RF_EURCAD_h6_n200_d8_c60	EURCAD	200	8	20	6	0.6	851	0.2209165687426557	-19.412273717986643	-0.9923686489588567	-41.376169125024056	41.694353372039565	0.19502518153262172	6.0	0.686194392664093	0.5811139765329153	OK	609.2
RF_EURCAD_h6_n200_d8_c50	EURCAD	200	8	20	6	0.5	2070	0.29082125603864734	-11.113525683264536	-0.9996962978312246	-73.20224223531103	73.22448066889763	0.3730039504153838	6.0	0.686194392664093	0.5811139765329153	OK	611.0
RF_EURCAD_h24_n200_d8_c55	EURCAD	200	8	20	24	0.55	122	0.4016393442622951	-4.146436615355975	-0.9339704673237846	-8.775929481317268	9.396367217545937	0.5026350490168975	24.0	0.7290092294675282	0.48667071875361384	OK	444.2
RF_EURCAD_h24_n200_d8_c60	EURCAD	200	8	20	24	0.6	28	0.35714285714285715	-5.716035436893392	-0.7630167034650011	-1.803069807978963	2.3630803883989526	0.37782424065213654	24.0	0.7290092294675282	0.48667071875361384	OK	570.2
RF_EURCAD_h6_n300_d12_c50	EURCAD	300	12	15	6	0.5	2070	0.28888888888888886	-11.332543717166955	-0.9997067193936122	-73.88183454561711	73.9035090115542	0.36423678024217526	6.0	0.8567049755728502	0.5796584154931944	OK	803.3
RF_EURCAD_h6_n300_d12_c55	EURCAD	300	12	15	6	0.55	1590	0.2723270440251572	-14.227031737717303	-0.999518641502917	-66.53039330766192	66.56243370071029	0.2812122285374569	6.0	0.8567049755728502	0.5796584154931944	OK	819.7
RF_EURCAD_h6_n300_d12_c60	EURCAD	300	12	15	6	0.6	1076	0.23884758364312267	-18.046023466633848	-0.9999635948339324	-49.16676821138593	49.168558200912535	0.2138599903823782	6.0	0.8567049755728502	0.5796584154931944	OK	795.1
RF_EURCAD_h24_n300_d12_c50	EURCAD	300	12	15	24	0.5	517	0.42166344294003866	-2.6379900869675468	-0.9718403817622417	-27.114804855749895	27.90047148131725	0.6469839841989095	24.0	0.8984354124429209	0.4899431969748709	OK	833.0
RF_EURCAD_h24_n300_d12_c55	EURCAD	300	12	15	24	0.55	251	0.4342629482071713	-2.586882052064141	-0.8788330653894615	-12.904934433455217	14.684170340969475	0.6488928834193368	24.0	0.8984354124429209	0.4899431969748709	OK	825.4
RF_EURCAD_h24_n300_d12_c60	EURCAD	300	12	15	24	0.6	61	0.39344262295081966	-4.789484152547746	-0.83972715827837	-4.7761391405595095	5.6877273689131025	0.4450894896496026	24.0	0.8984354124429209	0.4899431969748709	OK	824.3
RF_EURCAD_h6_n200_dNone_c50	EURCAD	200	None	30	6	0.5	2070	0.293719806763285	-11.329757710452654	-0.9997065896589383	-73.87329705350452	73.89497860437957	0.3632260582259406	6.0	0.9206132941101439	0.5776039554520274	OK	587.5
RF_EURCAD_h6_n200_dNone_c55	EURCAD	200	None	30	6	0.55	1688	0.27665876777251186	-12.654266030006585	-0.9976310030199024	-66.44470665923932	66.60248775158982	0.3260578043037719	6.0	0.9206132941101439	0.5776039554520274	OK	585.6
RF_EURCAD_h6_n200_dNone_c60	EURCAD	200	None	30	6	0.6	1203	0.23857024106400665	-17.555008343367625	-0.9986823970086393	-53.99743148172935	54.06867252638903	0.23002497508910355	6.0	0.9206132941101439	0.5776039554520274	OK	588.6
RF_EURCAD_h24_n200_dNone_c50	EURCAD	200	None	30	24	0.5	517	0.425531914893617	-2.392109064547751	-0.9430675239215369	-24.955344141902312	26.461884763172687	0.6737290850271096	24.0	0.9836359615758761	0.49189602724077014	OK	598.3
RF_EURCAD_h24_n200_dNone_c55	EURCAD	200	None	30	24	0.55	443	0.3905191873589165	-3.0324854908335923	-0.9658842346498726	-26.8801402582448	27.829567244141522	0.602877828947946	24.0	0.9836359615758761	0.49189602724077014	OK	597.5
RF_EURCAD_h24_n200_dNone_c60	EURCAD	200	None	30	24	0.6	204	0.4117647058823529	-2.1907590769527623	-0.7655856502272448	-8.999399787088214	11.754922240793004	0.699967718318608	24.0	0.9836359615758761	0.49189602724077014	OK	601.4
RF_GBPCHF_h24_n200_d8_c50	GBPCHF	200	8	20	24	0.5	517	0.39264990328820115	-2.623588404640653	-1.0073065154142193	-29.101539826451493	28.890451298713693	0.6489845062109544	24.0	0.7198442842261723	0.517203246798524	OK	570.3
RF_GBPCHF_h6_n200_d8_c55	GBPCHF	200	8	20	6	0.55	1517	0.3019116677653263	-10.288440921460131	-0.9936159083777893	-61.90947045398436	62.30724561874199	0.3895284146666693	6.0	0.6948521417102783	0.6594082555204582	OK	571.8
RF_GBPCHF_h6_n200_d8_c50	GBPCHF	200	8	20	6	0.5	2070	0.2951690821256039	-11.647157434713959	-0.9976088137052391	-78.83537291612853	79.0243348225087	0.3484839141323615	6.0	0.6948521417102783	0.6594082555204582	OK	613.7
RF_GBPCHF_h6_n200_d8_c60	GBPCHF	200	8	20	6	0.6	780	0.3	-8.271597168297776	-0.9878439916293671	-28.016823450950024	28.361587141648336	0.46309444730190147	6.0	0.6948521417102783	0.6594082555204582	OK	614.5
RF_GBPCHF_h24_n200_d8_c60	GBPCHF	200	8	20	24	0.6	10	0.5	-3.5818778736949843	-1.3413851649383015	-1.0819127110394677	0.8065637963792684	0.48974643540557167	24.0	0.7198442842261723	0.517203246798524	OK	455.1
RF_GBPCHF_h24_n200_d8_c55	GBPCHF	200	8	20	24	0.55	164	0.4268292682926829	-2.2486502376262285	-0.9359082974238899	-8.768365001127698	9.368829216775653	0.6913511672518983	24.0	0.7198442842261723	0.517203246798524	OK	486.0
RF_GBPCHF_h6_n300_d12_c55	GBPCHF	300	12	15	6	0.55	1621	0.3004318322023442	-10.966663368359105	-0.9952881645942384	-66.29678319087706	66.61064157022815	0.37031840116719844	6.0	0.8433736467039211	0.657061981173045	OK	795.3
RF_GBPCHF_h6_n300_d12_c50	GBPCHF	300	12	15	6	0.5	2070	0.2932367149758454	-11.459624125737768	-0.9975648243226154	-78.29514336997872	78.4862712286834	0.35800343678705054	6.0	0.8433736467039211	0.657061981173045	OK	816.5
RF_GBPCHF_h6_n300_d12_c60	GBPCHF	300	12	15	6	0.6	1033	0.27202323330106487	-11.723367068108073	-0.9955617210713436	-43.70041352374906	43.895232810600824	0.34940859903366306	6.0	0.8433736467039211	0.657061981173045	OK	800.6
RF_GBPCHF_h24_n300_d12_c50	GBPCHF	300	12	15	24	0.5	517	0.4081237911025145	-2.260505208450518	-1.0086997938433846	-25.662051417368815	25.440722377458147	0.6882939531221607	24.0	0.8664079881840501	0.520545556564847	OK	837.5
RF_GBPCHF_h24_n300_d12_c55	GBPCHF	300	12	15	24	0.55	370	0.42702702702702705	-1.6765940215224542	-0.9083240941254819	-14.468035447987237	15.928274435917944	0.7555322798335308	24.0	0.8664079881840501	0.520545556564847	OK	830.0
RF_GBPCHF_h24_n300_d12_c60	GBPCHF	300	12	15	24	0.6	87	0.39080459770114945	-2.5180798062097813	-0.880162233826138	-5.502400475719127	6.251575294022486	0.6609222504713845	24.0	0.8664079881840501	0.520545556564847	OK	837.7
RF_GBPCHF_h6_n200_dNone_c50	GBPCHF	200	None	30	6	0.5	2070	0.29178743961352654	-11.561257542734522	-0.9996768018157866	-78.58971296099654	78.61512122542833	0.35508865359966024	6.0	0.8954869352754773	0.6543315038494086	OK	594.6
RF_GBPCHF_h6_n200_dNone_c55	GBPCHF	200	None	30	6	0.55	1696	0.2971698113207547	-11.262767676012807	-0.9960895290418608	-68.76479869635241	69.03475710912986	0.36762434766353075	6.0	0.8954869352754773	0.6543315038494086	OK	593.7
RF_GBPCHF_h6_n200_dNone_c60	GBPCHF	200	None	30	6	0.6	1164	0.2757731958762887	-12.085547970246331	-0.9940575385390562	-48.9878920253332	49.28074092907096	0.3427535989106469	6.0	0.8954869352754773	0.6543315038494086	OK	593.7
RF_GBPCHF_h24_n200_dNone_c50	GBPCHF	200	None	30	24	0.5	517	0.4158607350096712	-2.2944009396498215	-0.9840483082236873	-25.990261644178815	26.411570882220225	0.6835428128058274	24.0	0.9611520433849943	0.5189905471516912	OK	598.2
RF_GBPCHF_h24_n200_dNone_c55	GBPCHF	200	None	30	24	0.55	461	0.40997830802603036	-2.3197265040201023	-0.9896509078371694	-22.96578105553967	23.205941482669065	0.6784699016241592	24.0	0.9611520433849943	0.5189905471516912	OK	601.7
RF_GBPCHF_h24_n200_dNone_c60	GBPCHF	200	None	30	24	0.6	259	0.41312741312741313	-3.116623871238702	-0.9855668227060526	-17.500973897008443	17.75726768983187	0.6015766054906333	24.0	0.9611520433849943	0.5189905471516912	OK	597.2
RF_NZDCAD_h24_n200_d8_c50	NZDCAD	200	8	20	24	0.5	517	0.3965183752417795	-2.8077129727585874	-0.9504035803217984	-34.78467447361317	36.5998983945698	0.6290832672477384	24.0	0.7201275257270123	0.513367370664382	OK	601.0
RF_NZDCAD_h6_n200_d8_c60	NZDCAD	200	8	20	6	0.6	572	0.29895104895104896	-11.546320861109091	-0.975612724566553	-33.159506958570496	33.9883912167122	0.35876354493267015	6.0	0.6884397349737124	0.5462287061103083	OK	602.1
RF_NZDCAD_h6_n200_d8_c50	NZDCAD	200	8	20	6	0.5	2069	0.31996133397776705	-11.714043969283162	-0.9997953897268171	-83.29947297376579	83.31652038976338	0.36432145507110886	6.0	0.6884397349737124	0.5462287061103083	OK	602.1
RF_NZDCAD_h6_n200_d8_c55	NZDCAD	200	8	20	6	0.55	1295	0.3166023166023166	-12.513588405503935	-0.9991740290493168	-65.84611302508861	65.90054496086047	0.33582405928348286	6.0	0.6884397349737124	0.5462287061103083	OK	602.2
RF_NZDCAD_h24_n200_d8_c55	NZDCAD	200	8	20	24	0.55	281	0.398576512455516	-2.8662480288171777	-0.9303025370555813	-19.969492818349288	21.46558998060241	0.6293052450720381	24.0	0.7201275257270123	0.513367370664382	OK	472.6
RF_NZDCAD_h24_n200_d8_c60	NZDCAD	200	8	20	24	0.6	68	0.4852941176470588	-0.4231863275641668	-0.23139038772875098	-0.6142321602240153	2.654527555155201	0.9353722329468517	24.0	0.7201275257270123	0.513367370664382	OK	557.7
RF_NZDCAD_h6_n300_d12_c50	NZDCAD	300	12	15	6	0.5	2069	0.3151280811986467	-11.968780690404989	-1.0003144725521558	-83.9281297075778	83.90174491172507	0.3577891260967525	6.0	0.8553286425188287	0.5429692631411038	OK	763.3
RF_NZDCAD_h6_n300_d12_c55	NZDCAD	300	12	15	6	0.55	1452	0.3181818181818182	-11.861087905581318	-0.9994844180148235	-69.67980078582802	69.7157449680167	0.35480305428348824	6.0	0.8553286425188287	0.5429692631411038	OK	763.8
RF_NZDCAD_h6_n300_d12_c60	NZDCAD	300	12	15	6	0.6	832	0.30649038461538464	-12.219140809183854	-0.9843792246729887	-45.67880466343405	46.4036659028522	0.3473295563292895	6.0	0.8553286425188287	0.5429692631411038	OK	810.2
RF_NZDCAD_h24_n300_d12_c50	NZDCAD	300	12	15	24	0.5	517	0.3945841392649903	-2.9649270265710586	-0.9747441333719516	-36.305975944662826	37.24667294900134	0.6124116097630534	24.0	0.8874973029630384	0.5081972828303069	OK	834.2
RF_NZDCAD_h24_n300_d12_c60	NZDCAD	300	12	15	24	0.6	139	0.43884892086330934	-1.9442948643747322	-0.8432452206612406	-6.164274118018964	7.310179728246993	0.7262777838496748	24.0	0.8874973029630384	0.5081972828303069	OK	831.6
RF_NZDCAD_h24_n300_d12_c55	NZDCAD	300	12	15	24	0.55	379	0.40633245382585753	-2.602987391003282	-0.9614385789996519	-25.152928019633315	26.161762767835032	0.6479334490430315	24.0	0.8874973029630384	0.5081972828303069	OK	832.4
RF_NZDCAD_h6_n200_dNone_c50	NZDCAD	200	None	30	6	0.5	2069	0.31996133397776705	-11.950795169677018	-0.9998039339585819	-83.8845905030314	83.90104064794211	0.35652928532820716	6.0	0.9232745201101006	0.542920236173926	OK	609.2
RF_NZDCAD_h6_n200_dNone_c55	NZDCAD	200	None	30	6	0.55	1663	0.31449188214070956	-11.71015816147642	-0.9932627835871848	-74.83851013037903	75.3461333365361	0.3608695556742767	6.0	0.9232745201101006	0.542920236173926	OK	594.2
RF_NZDCAD_h6_n200_dNone_c60	NZDCAD	200	None	30	6	0.6	998	0.3306613226452906	-11.464981141428991	-0.9906420273429819	-50.85043103147816	51.33078309615531	0.37740829574186485	6.0	0.9232745201101006	0.542920236173926	OK	1537.6
RF_NZDCAD_h24_n200_dNone_c50	NZDCAD	200	None	30	24	0.5	517	0.402321083172147	-2.9562628234237147	-0.9867419923088614	-36.223251666554376	36.709952499129166	0.612552610316508	24.0	0.9621802236397644	0.508256843339097	OK	1567.3
RF_NZDCAD_h24_n200_dNone_c55	NZDCAD	200	None	30	24	0.55	457	0.43982494529540483	-1.8036300584192648	-0.8770672943972277	-21.35406892083659	24.34712713294407	0.7415156282412101	24.0	0.9621802236397644	0.508256843339097	OK	3092.2
RF_NZDCAD_h24_n200_dNone_c60	NZDCAD	200	None	30	24	0.6	246	0.43902439024390244	-2.503446544192774	-0.9609014841284326	-16.08425213917679	16.738710892683976	0.6586452112320975	24.0	0.9621802236397644	0.508256843339097	OK	3345.7
RF_CHFJPY_h6_n200_d8_c55	CHFJPY	200	8	20	6	0.55	587	0.4787052810902896	-2.588970177114991	-0.758106265384641	-12.213699221795926	16.110801057156614	0.7731413374451441	6.0	0.6860989566334208	0.5395790806085243	OK	3553.2
RF_CHFJPY_h6_n200_d8_c60	CHFJPY	200	8	20	6	0.6	30	0.5666666666666667	2.9940909947860415	0.7887659594549241	1.1438547865715298	1.450182747949708	1.359881733523013	6.0	0.6860989566334208	0.5395790806085243	OK	3824.0
RF_CHFJPY_h6_n200_d8_c50	CHFJPY	200	8	20	6	0.5	2070	0.45410628019323673	-2.390780296392762	-0.9205346701096491	-35.21470591787853	38.25462208140834	0.8021231069000435	6.0	0.6860989566334208	0.5395790806085243	OK	3847.8
RF_CHFJPY_h24_n200_d8_c50	CHFJPY	200	8	20	24	0.5	517	0.4661508704061896	-0.46636267806161863	-0.5114396024723952	-8.573364669845795	16.76320063679179	0.9228438135464655	24.0	0.7393093687097243	0.495455210490896	OK	3924.3
RF_CHFJPY_h24_n200_d8_c55	CHFJPY	200	8	20	24	0.55	68	0.5147058823529411	1.3148276354070498	1.0399592605845216	3.345398239445818	3.2168550886940483	1.2390667677867369	24.0	0.7393093687097243	0.495455210490896	OK	3805.3
RF_GBPCAD_h6_n200_d8_c60	GBPCAD	200	8	20	6	0.6	1041	0.18924111431316043	-20.466287659953235	-0.9955732774684733	-55.75063186365158	55.99852178175506	0.1641789348438939	6.0	0.6851270967801438	0.6321981009514293	OK	3650.4
RF_GBPCAD_h24_n200_d8_c50	GBPCAD	200	8	20	24	0.5	517	0.3829787234042553	-3.39848709954743	-0.9796846741366775	-34.69707676433816	35.41657604771055	0.5781676865880147	24.0	0.7134145779138059	0.5025035852568187	OK	3683.3
RF_GBPCAD_h6_n200_d8_c55	GBPCAD	200	8	20	6	0.55	1622	0.22688039457459927	-15.87565818719045	-0.9997050536236679	-75.2721601002255	75.29436790119618	0.24511808591229822	6.0	0.6851270967801438	0.6321981009514293	OK	3717.0
RF_GBPCAD_h6_n200_d8_c50	GBPCAD	200	8	20	6	0.5	2070	0.24154589371980675	-14.55636389103327	-0.9985833853005613	-83.64834846081489	83.76701404423804	0.2784023908811204	6.0	0.6851270967801438	0.6321981009514293	OK	3717.1
RF_GBPCAD_h24_n200_d8_c55	GBPCAD	200	8	20	24	0.55	187	0.37967914438502676	-3.3106775310614935	-0.9862194180563374	-13.199163556621752	13.383597316137772	0.5887567437733731	24.0	0.7134145779138059	0.5025035852568187	OK	3553.6
RF_GBPCAD_h24_n200_d8_c60	GBPCAD	200	8	20	24	0.6	51	0.3333333333333333	-6.850441064482674	-1.029478708731298	-7.259898633051643	7.052014355885559	0.33629302843000797	24.0	0.7134145779138059	0.5025035852568187	OK	3596.9
RF_GBPCAD_h6_n300_d12_c55	GBPCAD	300	12	15	6	0.55	1670	0.2347305389221557	-16.26602583169933	-0.9963222571045749	-77.31113220603201	77.59651222758679	0.23480081453996668	6.0	0.8354749484345532	0.6296413674742978	OK	4916.6
RF_GBPCAD_h6_n300_d12_c50	GBPCAD	300	12	15	6	0.5	2070	0.24202898550724639	-14.735121266898261	-0.9984051810499017	-84.00074371759464	84.13492368825776	0.27114416601533575	6.0	0.8354749484345532	0.6296413674742978	OK	4929.3
RF_GBPCAD_h6_n300_d12_c60	GBPCAD	300	12	15	6	0.6	1135	0.18766519823788547	-20.793802662422127	-0.9972510945184008	-60.26107982015254	60.4271884497196	0.16481507781422747	6.0	0.8354749484345532	0.6296413674742978	OK	5013.2
RF_GBPCAD_h24_n300_d12_c50	GBPCAD	300	12	15	24	0.5	517	0.38104448742746616	-4.030379114879082	-1.00020468397729	-39.60227927379898	39.59417498058643	0.5189179075215712	24.0	0.8724992348218494	0.49498074553166876	OK	5014.8
RF_GBPCAD_h24_n300_d12_c55	GBPCAD	300	12	15	24	0.55	306	0.3660130718954248	-3.5979435546366902	-0.9897155938699661	-22.846232357380238	23.083633822568515	0.5650231094992001	24.0	0.8724992348218494	0.49498074553166876	OK	4787.8
RF_GBPCAD_h24_n300_d12_c60	GBPCAD	300	12	15	24	0.6	96	0.3541666666666667	-3.53541159218276	-0.977156266056629	-7.875534561383524	8.059646992968384	0.5526320605193413	24.0	0.8724992348218494	0.49498074553166876	OK	4828.9
RF_GBPCAD_h6_n200_dNone_c50	GBPCAD	200	None	30	6	0.5	2070	0.23768115942028986	-14.936980289183392	-0.9987132612952507	-84.38832644367658	84.49705207101357	0.26659326317285453	6.0	0.8893852850523402	0.626177163907744	OK	3434.3
RF_GBPCAD_h6_n200_dNone_c55	GBPCAD	200	None	30	6	0.55	1752	0.24771689497716895	-14.750903286513335	-0.996549297724741	-75.70704586038613	75.96919292726986	0.2762906668302854	6.0	0.8893852850523402	0.626177163907744	OK	3373.9
RF_GBPCAD_h6_n200_dNone_c60	GBPCAD	200	None	30	6	0.6	1216	0.19654605263157895	-18.89287757873815	-0.9980573422685162	-61.75958214028627	61.87979339935615	0.19545259010349963	6.0	0.8893852850523402	0.626177163907744	OK	3658.1
RF_GBPCAD_h24_n200_dNone_c50	GBPCAD	200	None	30	24	0.5	517	0.33849129593810445	-5.2174527961296775	-1.0001472402774636	-47.683641641851594	47.676621722840586	0.430716233895176	24.0	0.9694457932888552	0.4949025413292266	OK	3648.5
RF_GBPCAD_h24_n200_dNone_c55	GBPCAD	200	None	30	24	0.55	446	0.3923766816143498	-3.6054410822732006	-0.9370222175275938	-31.849291779323142	33.989900328468174	0.5577967299073033	24.0	0.9694457932888552	0.4949025413292266	OK	3737.2
RF_GBPCAD_h24_n200_dNone_c60	GBPCAD	200	None	30	24	0.6	211	0.4028436018957346	-3.0778071809956997	-0.9429383631724976	-14.599232805760764	15.482701071406124	0.611043014965434	24.0	0.9694457932888552	0.4949025413292266	OK	3773.6
RF_EURCHF_h6_n200_d8_c55	EURCHF	200	8	20	6	0.55	1424	0.3146067415730337	-10.434848508380314	-0.9952666360854763	-56.445144492648225	56.7135905556474	0.3844277032174732	6.0	0.7032274210496422	0.610843928299532	OK	3440.5
RF_EURCHF_h6_n200_d8_c50	EURCHF	200	8	20	6	0.5	2070	0.29806763285024157	-11.58945322064549	-0.9997259116419905	-71.74941536076838	71.76908643182432	0.35263389723410044	6.0	0.7032274210496422	0.610843928299532	OK	3488.9
RF_EURCHF_h6_n200_d8_c60	EURCHF	200	8	20	6	0.6	665	0.34887218045112783	-8.465127763807818	-0.9922923461202882	-24.515014964670613	24.705435913640354	0.455158495366796	6.0	0.7032274210496422	0.610843928299532	OK	3521.1
RF_EURCHF_h24_n200_d8_c50	EURCHF	200	8	20	24	0.5	517	0.43520309477756286	-3.045809889667007	-0.995408294558259	-27.514139703279195	27.641059305708705	0.6057865726369038	24.0	0.7100696879806678	0.5161979582991024	OK	3540.2
RF_EURCHF_h24_n200_d8_c55	EURCHF	200	8	20	24	0.55	231	0.42424242424242425	-2.7895437173496407	-0.9237399688982668	-12.292782900083788	13.307622614560282	0.6285291774847837	24.0	0.7100696879806678	0.5161979582991024	OK	4124.8
RF_EURCHF_h24_n200_d8_c60	EURCHF	200	8	20	24	0.6	31	0.41935483870967744	-3.679523610237953	-0.6926657795601979	-2.7798561786772646	4.0132720003033935	0.5461193824182861	24.0	0.7100696879806678	0.5161979582991024	OK	4087.5
RF_EURCHF_h6_n300_d12_c50	EURCHF	300	12	15	6	0.5	2070	0.30144927536231886	-10.941456625652387	-0.9996971237621106	-69.68120947256283	69.7023206492132	0.3776929803133932	6.0	0.8564272931540865	0.6084826167477471	OK	5307.7
RF_EURCHF_h6_n300_d12_c55	EURCHF	300	12	15	6	0.55	1593	0.325172630257376	-10.407575775130544	-0.9972296620198496	-57.0187717793964	57.177171870226076	0.3952621533264945	6.0	0.8564272931540865	0.6084826167477471	OK	5293.8
RF_EURCHF_h6_n300_d12_c60	EURCHF	300	12	15	6	0.6	820	0.32682926829268294	-9.121100728295918	-0.9835162667966992	-30.024527390843904	30.52773848736984	0.4271073970404837	6.0	0.8564272931540865	0.6084826167477471	OK	5148.3
RF_EURCHF_h24_n300_d12_c50	EURCHF	300	12	15	24	0.5	517	0.437137330754352	-3.029943996254724	-0.9981254923569648	-27.39363519324488	27.445081207732496	0.6069976550071233	24.0	0.8895364471726193	0.5056544707493642	OK	5255.8
RF_EURCHF_h24_n300_d12_c55	EURCHF	300	12	15	24	0.55	343	0.43440233236151604	-2.74439710698741	-0.98482873187931	-17.55573301531418	17.826178752739334	0.6431761761350318	24.0	0.8895364471726193	0.5056544707493642	OK	5079.6
RF_EURCHF_h24_n300_d12_c60	EURCHF	300	12	15	24	0.6	63	0.4444444444444444	-1.652245071145101	-0.5393891789936887	-2.6251005466392474	4.866802392173988	0.7645037330626091	24.0	0.8895364471726193	0.5056544707493642	OK	5090.3
RF_EURCHF_h6_n200_dNone_c50	EURCHF	200	None	30	6	0.5	2070	0.2932367149758454	-11.760809976146522	-1.000347166160102	-72.26990742882184	72.24482646982908	0.35061595721493355	6.0	0.8943549711504086	0.6069536094362371	OK	3738.0
RF_EURCHF_h6_n200_dNone_c55	EURCHF	200	None	30	6	0.55	1688	0.3264218009478673	-9.908789111043347	-0.9956625777141792	-57.50722199297903	57.75774170904653	0.4124284806816322	6.0	0.8943549711504086	0.6069536094362371	OK	3754.7
RF_EURCHF_h6_n200_dNone_c60	EURCHF	200	None	30	6	0.6	1044	0.3017241379310345	-9.770178709746064	-0.9928987273847194	-37.57182146621967	37.84053743847904	0.40178823983469747	6.0	0.8943549711504086	0.6069536094362371	OK	3826.3
RF_EURCHF_h24_n200_dNone_c50	EURCHF	200	None	30	24	0.5	517	0.425531914893617	-3.31472647354244	-1.0061489038806006	-29.522734635554094	29.342311582001727	0.5798246904658341	24.0	0.9572877358184994	0.5064250601780594	OK	3849.3
RF_EURCHF_h24_n200_dNone_c55	EURCHF	200	None	30	24	0.55	457	0.4288840262582057	-1.9167282173116418	-0.8950557023088515	-16.655665616959503	18.60852411084046	0.7323625677584659	24.0	0.9572877358184994	0.5064250601780594	OK	3886.8
RF_EURCHF_h24_n200_dNone_c60	EURCHF	200	None	30	24	0.6	227	0.46255506607929514	-1.7231513214333083	-0.7957845190063477	-7.789615760267566	9.788599268045612	0.7537221677252745	24.0	0.9572877358184994	0.5064250601780594	OK	3811.2
RF_EURGBP_h6_n200_d8_c60	EURGBP	200	8	20	6	0.6	654	0.2966360856269113	-13.448758021834765	-0.9868300957465509	-19.460737405893312	19.720453895532028	0.31741482714631664	6.0	0.697891814873646	0.5870174180039294	OK	3856.9
RF_EURGBP_h6_n200_d8_c50	EURGBP	200	8	20	6	0.5	2070	0.3309178743961353	-7.8150913492929535	-0.995906436392674	-51.590492234278294	51.80254926471505	0.4927540770961727	6.0	0.697891814873646	0.5870174180039294	OK	3872.1
RF_EURGBP_h24_n200_d8_c50	EURGBP	200	8	20	24	0.5	517	0.4700193423597679	-1.8565723423745308	-0.9030020598560734	-15.52847579190717	17.196500963001352	0.7343531587532984	24.0	0.7508508823690079	0.5089984266404635	OK	3917.2
RF_EURGBP_h6_n200_d8_c55	EURGBP	200	8	20	6	0.55	1239	0.32364810330912025	-10.757970688571657	-0.9883481277440318	-34.67364445032156	35.082420330442055	0.3979181452842051	6.0	0.697891814873646	0.5870174180039294	OK	3920.8
RF_EURGBP_h24_n200_d8_c55	EURGBP	200	8	20	24	0.55	249	0.46987951807228917	-1.7209200618169713	-0.8758449565702106	-7.026964461980234	8.023068933910029	0.7434244739620184	24.0	0.7508508823690079	0.5089984266404635	OK	3471.1
RF_EURGBP_h24_n200_d8_c60	EURGBP	200	8	20	24	0.6	70	0.4714285714285714	-0.038332046508276214	-0.05652903385858801	-0.061047950624526504	1.0799397487889661	0.9934740737256861	24.0	0.7508508823690079	0.5089984266404635	OK	3472.8
RF_EURGBP_h6_n300_d12_c55	EURGBP	300	12	15	6	0.55	1409	0.3293115684882896	-9.27727869725363	-0.9867221776768995	-37.59846435275524	38.10440791072073	0.4402373595998234	6.0	0.8802388139821442	0.5865780508488416	OK	4632.1
RF_EURGBP_h6_n300_d12_c50	EURGBP	300	12	15	6	0.5	2070	0.3289855072463768	-7.939081258191113	-0.9990848015284598	-52.14769299458206	52.19546220181049	0.48687027774787534	6.0	0.8802388139821442	0.5865780508488416	OK	4640.1
RF_EURGBP_h6_n300_d12_c60	EURGBP	300	12	15	6	0.6	872	0.3176605504587156	-11.871356911293557	-0.989992264128949	-24.388590340827264	24.635132237407653	0.3629780029416907	6.0	0.8802388139821442	0.5865780508488416	OK	4804.3
RF_EURGBP_h24_n300_d12_c50	EURGBP	300	12	15	24	0.5	517	0.4564796905222437	-2.1289755895575064	-0.8953685505271675	-17.576284654047214	19.630223379745466	0.7025250462799354	24.0	0.9095385535798621	0.5121315012128205	OK	4800.3
RF_EURGBP_h24_n300_d12_c60	EURGBP	300	12	15	24	0.6	151	0.45695364238410596	-2.2945383464117315	-0.8120512095758179	-6.069962000415319	7.474851251789917	0.6640686362298998	24.0	0.9095385535798621	0.5121315012128205	OK	4631.4
RF_EURGBP_h24_n300_d12_c55	EURGBP	300	12	15	24	0.55	350	0.44285714285714284	-1.903739451878957	-0.8155385995169362	-10.945474059059467	13.421160035273308	0.7228142325023635	24.0	0.9095385535798621	0.5121315012128205	OK	4650.6
RF_EURGBP_h6_n200_dNone_c50	EURGBP	200	None	30	6	0.5	2070	0.32367149758454106	-8.734817536174324	-0.9954035380263226	-55.56411494432817	55.82069263537098	0.4507119788501817	6.0	0.9313252368893319	0.5834997589412444	OK	3342.1
RF_EURGBP_h6_n200_dNone_c55	EURGBP	200	None	30	6	0.55	1593	0.34023854362837413	-8.546866296207137	-0.9887379786862293	-41.80266630660815	42.27881117922952	0.4695549374202703	6.0	0.9313252368893319	0.5834997589412444	OK	3353.6
RF_EURGBP_h6_n200_dNone_c60	EURGBP	200	None	30	6	0.6	1014	0.3136094674556213	-12.074015709090153	-0.9859694733899684	-29.21694569997959	29.6327082009199	0.35149936958547867	6.0	0.9313252368893319	0.5834997589412444	OK	3546.0
RF_EURGBP_h24_n200_dNone_c50	EURGBP	200	None	30	24	0.5	517	0.4700193423597679	-1.4662993831955338	-0.8850502164821641	-12.5020049230816	14.125757714374329	0.7846056815608891	24.0	0.9734504772783235	0.5174233519496559	OK	3604.0
RF_EURGBP_h24_n200_dNone_c55	EURGBP	200	None	30	24	0.55	452	0.4756637168141593	-0.8156452854605141	-0.6983314302605982	-6.279039209146298	8.991488764587228	0.8713768406084383	24.0	0.9734504772783235	0.5174233519496559	OK	3534.4
RF_EURGBP_h24_n200_dNone_c60	EURGBP	200	None	30	24	0.6	231	0.47619047619047616	-2.062619130973748	-0.9210844965734151	-8.193339609437523	8.895318116761366	0.7016955374493041	24.0	0.9734504772783235	0.5174233519496559	OK	3528.3
RF_AUDNZD_h6_n200_d8_c55	AUDNZD	200	8	20	6	0.55	1320	0.25	-16.65129271597856	-0.9907446449080195	-62.93422247445931	63.52214245912185	0.24019684745574588	6.0	0.6907918663064301	0.5750881730650163	OK	3100.4
RF_AUDNZD_h24_n200_d8_c50	AUDNZD	200	8	20	24	0.5	517	0.3849129593810445	-4.126245457816203	-0.9567575222181905	-33.31197968868664	34.81757803320388	0.5092749300490695	24.0	0.7119063479218494	0.4963246843152654	OK	3100.6
RF_AUDNZD_h6_n200_d8_c50	AUDNZD	200	8	20	6	0.5	2070	0.2613526570048309	-15.939806732098562	-0.99898896619506	-80.13503116404857	80.21613238559195	0.25490291297058015	6.0	0.6907918663064301	0.5750881730650163	OK	3100.6
RF_AUDNZD_h6_n200_d8_c60	AUDNZD	200	8	20	6	0.6	682	0.2316715542521994	-20.96598072089473	-0.9903573428575899	-41.31841970098483	41.72071828312408	0.1540338153512145	6.0	0.6907918663064301	0.5750881730650163	OK	3129.3
RF_AUDNZD_h24_n200_d8_c55	AUDNZD	200	8	20	24	0.55	191	0.34554973821989526	-4.477759893526658	-0.9587138184861583	-15.04727867756246	15.695276721183202	0.474810997219418	24.0	0.7119063479218494	0.4963246843152654	OK	3380.4
RF_AUDNZD_h24_n200_d8_c60	AUDNZD	200	8	20	24	0.6	63	0.3333333333333333	-6.54976343332696	-0.90988311473768	-6.2857142951704414	6.908265680897505	0.33217145024596983	24.0	0.7119063479218494	0.4963246843152654	OK	3384.5
RF_AUDNZD_h6_n300_d12_c50	AUDNZD	300	12	15	6	0.5	2070	0.26570048309178745	-15.580761686459034	-0.9981624522688263	-79.39229302286284	79.53844871884725	0.26174526297185186	6.0	0.8766385075915138	0.5691226831866162	OK	4465.7
RF_AUDNZD_h6_n300_d12_c55	AUDNZD	300	12	15	6	0.55	1548	0.2629198966408269	-16.24318903531881	-0.9962823482676999	-69.22822856095188	69.48655537390925	0.24282982242520015	6.0	0.8766385075915138	0.5691226831866162	OK	4492.6
RF_AUDNZD_h6_n300_d12_c60	AUDNZD	300	12	15	6	0.6	944	0.2309322033898305	-21.273470614520186	-0.9915869548419382	-53.79367092783309	54.25007929476842	0.15375846906964394	6.0	0.8766385075915138	0.5691226831866162	OK	4203.9
RF_AUDNZD_h24_n300_d12_c50	AUDNZD	300	12	15	24	0.5	517	0.38878143133462284	-4.340754651511376	-0.9926180963256889	-34.69473851016647	34.95275639099646	0.48916383803263935	24.0	0.8806726411706588	0.490403417569611	OK	4216.6
RF_AUDNZD_h24_n300_d12_c55	AUDNZD	300	12	15	24	0.55	294	0.3673469387755102	-5.242670323560263	-0.972366649433285	-24.937683494766926	25.646378872929375	0.41766903743690004	24.0	0.8806726411706588	0.490403417569611	OK	4260.9
RF_AUDNZD_h24_n300_d12_c60	AUDNZD	300	12	15	24	0.6	115	0.33043478260869563	-6.128141707869679	-0.9776475047607366	-10.733185831529823	10.978584591341638	0.36330615022357415	24.0	0.8806726411706588	0.490403417569611	OK	4233.2
RF_AUDNZD_h6_n200_dNone_c50	AUDNZD	200	None	30	6	0.5	2070	0.2608695652173913	-16.651526260008684	-0.9997335533001256	-81.51807742051952	81.5398034320524	0.23433855321578462	6.0	0.9342165507475025	0.570757778434901	OK	3629.3
